USE master
GO

--drop database if it exists
IF DB_ID('final_capstone') IS NOT NULL
BEGIN
	ALTER DATABASE final_capstone SET SINGLE_USER WITH ROLLBACK IMMEDIATE;
	DROP DATABASE final_capstone;
END

CREATE DATABASE final_capstone
GO

USE final_capstone
GO

--create tables

CREATE TABLE states (
	state_id int NOT NULL,
	state_name varchar(50) NOT NULL,
	state_abbreviation varchar(2) NOT NULL
	CONSTRAINT PK_state PRIMARY KEY (state_id)
)

CREATE TABLE cities (
	city_id int IDENTITY(0,1) NOT NULL,
	state_id int NOT NULL,
	city_name varchar(50) NOT NULL,
	latitude decimal NOT NULL,
	longitude decimal NOT NULL
	CONSTRAINT PK_city PRIMARY KEY (city_id)
	CONSTRAINT FK_state FOREIGN KEY (state_id) REFERENCES states (state_id)
)

CREATE TABLE zips (
	zip_id int IDENTITY(0,1) NOT NULL,
	zipcode int NOT NULL
	CONSTRAINT PK_zip PRIMARY KEY (zip_id)
)

CREATE TABLE users (
	user_id int IDENTITY(0,1) NOT NULL,
	username varchar(50) NOT NULL,
	password_hash varchar(200) NOT NULL,
	salt varchar(200) NOT NULL,
	user_role varchar(50) NOT NULL,
	first_name varchar(50) NOT NULL,
	last_name varchar(50) NOT NULL,
	email_address varchar(50) NULL,
	phone_number varchar(10) NOT NULL,
	street_address varchar(50) NOT NULL,
	city int NOT NULL,
	state int NOT NULL,
	zip int NOT NULL,
	CONSTRAINT FK_user_city FOREIGN KEY (city) REFERENCES cities (city_id),
	CONSTRAINT FK_user_state FOREIGN KEY (state) REFERENCES states (state_id),
	CONSTRAINT FK_user_zip FOREIGN KEY (zip) REFERENCES zips (zip_id),
	CONSTRAINT PK_user PRIMARY KEY (user_id)
)

CREATE TABLE species (
	species_id int IDENTITY(0,1) NOT NULL,
	species varchar(50) NOT NULL
	CONSTRAINT PK_species PRIMARY KEY (species_id)
)

CREATE TABLE breeds (
	breed_id int IDENTITY(0,1) NOT NULL,
	breed varchar(50) NOT NULL,
	species int NOT NULL
	CONSTRAINT PK_breed PRIMARY KEY (breed_id),
	CONSTRAINT FK_species FOREIGN KEY (species) REFERENCES species (species_id)
)

CREATE TABLE pets (
	pet_id int IDENTITY(0,1) NOT NULL,
	user_id int NOT NULL,
	pet_image varchar(500) NOT NULL,
	pet_name varchar(50) NOT NULL,
	age int NOT NULL,
	breed int NOT NULL,
	species int NOT NULL,
	playful BIT NOT NULL,
	nervous BIT NOT NULL,
	confident BIT NOT NULL,
	shy BIT NOT NULL,
	mischievous BIT NOT NULL,
	independent BIT NOT NULL,
	other_comments varchar(200) NOT NULL
	CONSTRAINT PK_pet PRIMARY KEY (pet_id)
	CONSTRAINT FK_user FOREIGN KEY (user_id) REFERENCES users (user_id),
	CONSTRAINT FK_pet_breed FOREIGN KEY (breed) REFERENCES breeds (breed_id),
	CONSTRAINT FK_pet_species FOREIGN KEY (species) REFERENCES species (species_id)
)

CREATE TABLE posts (
	post_id int IDENTITY(0,1) NOT NULL,
	user_id int NOT NULL,
	post_title varchar(50) NOT NULL,
	post_content varchar(200) NOT NULL
	CONSTRAINT PK_post PRIMARY KEY (post_id)
	CONSTRAINT FK_user_id FOREIGN KEY (user_id) REFERENCES users (user_id)
)

CREATE TABLE comments (
	comment_id int IDENTITY(0,1) NOT NULL,
	comment_user_id int NOT NULL,
	comment_post_id int NOT NULL,
	comment_content varchar(200) NOT NULL
	CONSTRAINT PK_comment PRIMARY KEY (comment_id)
	CONSTRAINT FK_comment_user_id FOREIGN KEY (comment_user_id) REFERENCES users (user_id),
	CONSTRAINT FK_comment_post_id FOREIGN KEY (comment_post_id) REFERENCES posts (post_id)
)

CREATE TABLE playdate_statuses (
	playdate_status_id int NOT NULL,
	playdate_status varchar(50) NOT NULL
	CONSTRAINT PK_playdate_status PRIMARY KEY (playdate_status_id)
)

CREATE TABLE playdates (
	playdate_id int IDENTITY(0,1) NOT NULL,
	playdate_posted_user_id int NOT NULL,
	playdate_posted_pet_id int NOT NULL,
	playdate_requested_user_id int NULL,
	playdate_requested_pet_id int NULL,
	playdate_cancelled_user_id int NULL,
	meeting_time DATETIME NOT NULL,
	playdate_address varchar(50) NOT NULL,
	playdate_city int NOT NULL,
	playdate_state int NOT NULL,
	playdate_zip int NOT NULL,
	playdate_status_id int NOT NULL
	CONSTRAINT PK_playdate PRIMARY KEY (playdate_id)
	CONSTRAINT FK_playdate_city FOREIGN KEY (playdate_city) REFERENCES cities (city_id),
	CONSTRAINT FK_playdate_state FOREIGN KEY (playdate_state) REFERENCES states (state_id),
	CONSTRAINT FK_playdate_zip FOREIGN KEY (playdate_zip) REFERENCES zips (zip_id),
	CONSTRAINT FK_playdate_status FOREIGN KEY (playdate_status_id) REFERENCES playdate_statuses (playdate_status_id),
	CONSTRAINT FK_playdate_posted_user_id FOREIGN KEY (playdate_posted_user_id) REFERENCES users (user_id),
	CONSTRAINT FK_playdate_requested_user_id FOREIGN KEY (playdate_requested_user_id) REFERENCES users (user_id)
)


--populate default data

INSERT INTO states (state_id, state_name, state_abbreviation)
VALUES	(0, 'Alabama', 'AL'),
		(1, 'Alaska', 'AK'),
		(2, 'Arizona', 'AZ'),
		(3, 'Arkansas', 'AR'),
		(4, 'California', 'CA'),
		(5, 'Colorado', 'CO'),
		(6, 'Connecticut', 'CT'),
		(7, 'Delaware', 'DE'),
		(8, 'Florida', 'FL'),
		(9, 'Georgia', 'GA'),
		(10, 'Hawaii', 'HI'),
		(11, 'Idaho', 'ID'),
		(12, 'Illinois', 'IL'),
		(13, 'Indiana', 'IN'),
		(14, 'Iowa', 'IA'),
		(15, 'Kansas', 'KS'),
		(16, 'Kentucky', 'KY'),
		(17, 'Louisiana', 'LA'),
		(18, 'Maine', 'ME'),
		(19, 'Maryland', 'MD'),
		(20, 'Massachusetts', 'MA'),
		(21, 'Michigan', 'MI'),
		(22, 'Minnesota', 'MN'),
		(23, 'Mississippi', 'MS'),
		(24, 'Missouri', 'MO'),
		(25, 'Montana', 'MT'),
		(26, 'Nebraska', 'NE'),
		(27, 'Nevada', 'NV'),
		(28, 'New Hampshire', 'NH'),
		(29, 'New Jersey', 'NJ'),
		(30, 'New Mexico', 'NM'),
		(31, 'New York', 'NY'),
		(32, 'North Carolina', 'NC'),
		(33, 'North Dakota', 'ND'),
		(34, 'Ohio', 'OH'),
		(35, 'Oklahoma', 'OK'),
		(36, 'Oregon', 'OR'),
		(37, 'Pennsylvania', 'PA'),
		(38, 'Rhode Island', 'RI'),
		(39, 'South Carolina', 'SC'),
		(40, 'South Dakota', 'SD'),
		(41, 'Tennessee', 'TN'),
		(42, 'Texas', 'TX'),
		(43, 'Utah', 'UT'),
		(44, 'Vermont', 'VT'),
		(45, 'Virginia', 'VA'),
		(46, 'Washington', 'WA'),
		(47, 'West Virginia', 'WV'),
		(48, 'Wisconsin', 'WI'),
		(49, 'Wyoming', 'WY');

INSERT INTO cities (state_id, city_name, latitude, longitude)
VALUES	(34, 'Aberdeen', 38.670864, -83.763723),
		(34, 'Ada', 40.770931, -83.815402),
		(34, 'Adamsville', 40.07929, -81.871847),
		(34, 'Addyston', 39.137364, -84.709602),
		(34, 'Adelphi', 39.466667, -82.747222),
		(34, 'Adena', 40.212581, -80.881538),
		(34, 'Akron', 41.044852, -81.520048),
		(34, 'Albany', 39.209664, -82.217727),
		(34, 'Alexandria', 40.105965, -82.607683),
		(34, 'Alger', 40.705967, -83.825011),
		(34, 'Alledonia', 39.905271, -80.957753),
		(34, 'Alliance', 40.915842, -81.118193),
		(34, 'Alpha', 39.711667, -84.023333),
		(34, 'Alvada', 41.046284, -83.376982),
		(34, 'Alvordton', 41.662489, -84.435533),
		(34, 'Amanda', 39.625104, -82.755236),
		(34, 'Amelia', 39.021138, -84.211174),
		(34, 'Amesville', 39.408641, -81.964976),
		(34, 'Amherst', 41.390506, -82.228165),
		(34, 'Amlin', 40.07203, -83.179157),
		(34, 'Amsterdam', 40.473131, -80.959554),
		(34, 'Andover', 41.622488, -80.575374),
		(34, 'Anna', 40.405105, -84.210344),
		(34, 'Ansonia', 40.215064, -84.640642),
		(34, 'Antwerp', 41.188736, -84.744796),
		(34, 'Apple Creek', 40.755118, -81.809256),
		(34, 'Arcadia', 41.111562, -83.50195),
		(34, 'Arcanum', 39.988367, -84.53702),
		(34, 'Archbold', 41.533255, -84.304833),
		(34, 'Arlington', 40.876109, -83.668536),
		(34, 'Ashland', 40.855892, -82.318931),
		(34, 'Ashley', 40.416264, -82.954201),
		(34, 'Ashtabula', 41.867877, -80.794681),
		(34, 'Ashville', 39.731576, -82.944567),
		(34, 'Athens', 39.317824, -82.102011),
		(34, 'Attica', 41.077755, -82.889721),
		(34, 'Atwater', 41.033487, -81.198456),
		(34, 'Augusta', 40.685833, -81.021111),
		(34, 'Aurora', 41.320935, -81.360424),
		(34, 'Austinburg', 41.75536, -80.858422),
		(34, 'Ava', 39.831667, -81.575),
		(34, 'Avon', 41.446713, -82.020359),
		(34, 'Avon Lake', 41.501904, -82.011094),
		(34, 'Bainbridge', 39.213116, -83.276268),
		(34, 'Bakersville', 40.355556, -81.645833),
		(34, 'Baltic', 40.447568, -81.679171),
		(34, 'Baltimore', 39.864452, -82.624023),
		(34, 'Bannock', 40.098611, -80.977222),
		(34, 'Barberton', 41.018589, -81.615314),
		(34, 'Barlow', 39.398611, -81.665),
		(34, 'Barnesville', 39.9812, -81.171295),
		(34, 'Bartlett', 39.419444, -81.815833),
		(34, 'Barton', 40.107222, -80.841389),
		(34, 'Bascom', 41.132778, -83.285278),
		(34, 'Batavia', 39.095661, -84.145125),
		(34, 'Bath', 41.188889, -81.636389),
		(34, 'Bay Village', 41.484137, -81.928868),
		(34, 'Beach City', 40.656199, -81.585129),
		(34, 'Beachwood', 41.470109, -81.523172),
		(34, 'Beallsville', 39.872601, -81.014358),
		(34, 'Beaver', 39.023847, -82.847469),
		(34, 'Beaverdam', 40.833333, -83.976667),
		(34, 'Bedford', 41.392067, -81.52315),
		(34, 'Bellaire', 40.020399, -80.763813),
		(34, 'Bellbrook', 39.640187, -84.08245),
		(34, 'Belle Center', 40.502371, -83.768773),
		(34, 'Belle Valley', 39.790556, -81.556389),
		(34, 'Bellefontaine', 40.360472, -83.757076),
		(34, 'Bellevue', 41.268432, -82.85765),
		(34, 'Bellville', 40.613604, -82.517516),
		(34, 'Belmont', 40.03202, -81.006564),
		(34, 'Belmore', 41.098333, -83.984722),
		(34, 'Beloit', 40.895678, -80.989669),
		(34, 'Belpre', 39.286772, -81.596795),
		(34, 'Benton Ridge', 41.004722, -83.794167),
		(34, 'Bentonville', 38.749444, -83.613333),
		(34, 'Berea', 41.367557, -81.861756),
		(34, 'Bergholz', 40.47771, -80.886153),
		(34, 'Berkey', 41.698892, -83.830972),
		(34, 'Berlin', 40.561111, -81.794444),
		(34, 'Berlin Center', 41.024319, -80.934104),
		(34, 'Berlin Heights', 41.320519, -82.477713),
		(34, 'Bethel', 38.94236, -84.09195),
		(34, 'Bethesda', 40.019221, -81.076742),
		(34, 'Bettsville', 41.246389, -83.235833),
		(34, 'Beverly', 39.571435, -81.634588),
		(34, 'Bidwell', 38.927647, -82.270092),
		(34, 'Big Prairie', 40.618777, -82.072048),
		(34, 'Birmingham', 41.33, -82.360833),
		(34, 'Blacklick', 40.020952, -82.807857),
		(34, 'Bladensburg', 40.284444, -82.284167),
		(34, 'Blaine', 40.067778, -80.8175),
		(34, 'Blakeslee', 41.524167, -84.730278),
		(34, 'Blanchester', 39.303442, -83.973977),
		(34, 'Blissfield', 40.399722, -81.965556),
		(34, 'Bloomdale', 41.181489, -83.572356),
		(34, 'Bloomingburg', 39.628617, -83.409521),
		(34, 'Bloomingdale', 40.3742, -80.807214),
		(34, 'Bloomville', 41.018206, -82.989874),
		(34, 'Blue Creek', 38.756451, -83.35268),
		(34, 'Blue Rock', 39.799996, -81.891023),
		(34, 'Bluffton', 40.878978, -83.891397),
		(34, 'Bolivar', 40.634692, -81.446356),
		(34, 'Botkins', 40.465897, -84.177994),
		(34, 'Bourneville', 39.281944, -83.156667),
		(34, 'Bowerston', 40.437056, -81.18624),
		(34, 'Bowersville', 39.580556, -83.725),
		(34, 'Bowling Green', 41.381513, -83.650749),
		(34, 'Bradford', 40.128558, -84.429288),
		(34, 'Bradner', 41.329789, -83.4456),
		(34, 'Brady Lake', 41.159444, -81.317222),
		(34, 'Brecksville', 41.316554, -81.626083),
		(34, 'Brewster', 40.714387, -81.598752),
		(34, 'Brice', 39.918056, -82.832222),
		(34, 'Bridgeport', 40.075184, -80.774682),
		(34, 'Brilliant', 40.268283, -80.631949),
		(34, 'Brinkhaven', 40.458346, -82.155289),
		(34, 'Bristolville', 41.379749, -80.856839),
		(34, 'Broadview Heights', 41.32907, -81.680879),
		(34, 'Broadway', 40.341111, -83.412222),
		(34, 'Brook Park', 41.397944, -81.811811),
		(34, 'Brookfield', 41.247957, -80.578767),
		(34, 'Brookville', 39.841393, -84.416464),
		(34, 'Brownsville', 39.946944, -82.256667),
		(34, 'Brunswick', 41.247053, -81.827968),
		(34, 'Bryan', 41.474839, -84.56287),
		(34, 'Buchtel', 39.461944, -82.181944),
		(34, 'Buckeye Lake', 39.933611, -82.4725),
		(34, 'Buckland', 40.622778, -84.26),
		(34, 'Bucyrus', 40.810306, -82.969829),
		(34, 'Buffalo', 39.915833, -81.520278),
		(34, 'Buford', 39.076667, -83.844167),
		(34, 'Burbank', 40.963725, -81.995753),
		(34, 'Burghill', 41.334688, -80.54406),
		(34, 'Burgoon', 41.267986, -83.247455),
		(34, 'Burkettsville', 40.351944, -84.642222),
		(34, 'Burton', 41.452702, -81.15262),
		(34, 'Butler', 40.543754, -82.398984),
		(34, 'Byesville', 39.962336, -81.548485),
		(34, 'Cable', 40.178411, -83.64696),
		(34, 'Cadiz', 40.264537, -80.996244),
		(34, 'Cairo', 40.831944, -84.086111),
		(34, 'Caldwell', 39.746651, -81.51528),
		(34, 'Caledonia', 40.627239, -82.992465),
		(34, 'Cambridge', 40.030501, -81.591277),
		(34, 'Camden', 39.613391, -84.610008),
		(34, 'Cameron', 39.766944, -80.945),
		(34, 'Camp Dennison', 39.196212, -84.289659),
		(34, 'Campbell', 41.077829, -80.589721),
		(34, 'Canal Fulton', 40.88871, -81.577269),
		(34, 'Canal Winchester', 39.83486, -82.804369),
		(34, 'Canfield', 41.029328, -80.756436),
		(34, 'Canton', 40.7962, -81.3768),
		(34, 'Carbon Hill', 39.501667, -82.244722),
		(34, 'Carbondale', 39.377778, -82.271111),
		(34, 'Cardington', 40.506583, -82.933728),
		(34, 'Carey', 40.948599, -83.383578),
		(34, 'Carroll', 39.795743, -82.708358),
		(34, 'Carrollton', 40.578663, -81.081789),
		(34, 'Casstown', 40.071578, -84.108799),
		(34, 'Castalia', 41.387229, -82.799426),
		(34, 'Catawba', 39.999167, -83.621667),
		(34, 'Cecil', 41.217355, -84.629646),
		(34, 'Cedarville', 39.748424, -83.801253),
		(34, 'Celina', 40.546074, -84.570067),
		(34, 'Centerburg', 40.286513, -82.680039),
		(34, 'Chagrin Falls', 41.418577, -81.361437),
		(34, 'Chandlersville', 39.889659, -81.830084),
		(34, 'Chardon', 41.571862, -81.205629),
		(34, 'Charm', 40.506667, -81.785),
		(34, 'Chatfield', 40.956637, -83.021432),
		(34, 'Chauncey', 39.397778, -82.129444),
		(34, 'Cherry Fork', 38.8875, -83.614444),
		(34, 'Chesapeake', 38.455089, -82.450448),
		(34, 'Cheshire', 38.958678, -82.123537),
		(34, 'Chester', 39.0875, -81.922778),
		(34, 'Chesterhill', 39.495277, -81.877286),
		(34, 'Chesterland', 41.534378, -81.342102),
		(34, 'Chesterville', 40.48, -82.683611),
		(34, 'Chickasaw', 40.436944, -84.493333),
		(34, 'Chillicothe', 39.337997, -82.98949),
		(34, 'Chilo', 38.793056, -84.140833),
		(34, 'Chippewa Lake', 41.06719, -81.909173),
		(34, 'Christiansburg', 40.055278, -84.026111),
		(34, 'Cincinnati', 39.091293, -84.277383),
		(34, 'Circleville', 39.598836, -82.929966),
		(34, 'Clarington', 39.781908, -80.911311),
		(34, 'Clarksburg', 39.490432, -83.156282),
		(34, 'Clarksville', 39.404233, -83.959407),
		(34, 'Clay Center', 41.563333, -83.361944),
		(34, 'Clayton', 39.855124, -84.33989),
		(34, 'Cleveland', 41.4918, -81.6757),
		(34, 'Cleves', 39.193707, -84.733969),
		(34, 'Clifton', 39.796944, -83.825833),
		(34, 'Clinton', 40.939062, -81.587079),
		(34, 'Cloverdale', 41.037934, -84.29382),
		(34, 'Clyde', 41.302397, -82.991849),
		(34, 'Coal Run', 39.5675, -81.581389),
		(34, 'Coalton', 39.113611, -82.611389),
		(34, 'Coldwater', 40.484557, -84.651653),
		(34, 'Colerain', 40.125833, -80.808889),
		(34, 'College Corner', 39.575453, -84.804951),
		(34, 'Collins', 41.245023, -82.490402),
		(34, 'Collinsville',39.515278, -84.609444),
		(34, 'Colton', 41.464722, -83.9525),
		(34, 'Columbia Station', 41.318708, -81.934398),
		(34, 'Columbiana', 40.885279, -80.697473),
		(34, 'Columbus', 40.1444, -82.9789),
		(34, 'Columbus', 40.105155, -83.010069),
		(34, 'Columbus Grove', 40.91372,-84.070467),
		(34, 'Commercial Point', 39.768333, -83.057222),
		(34, 'Conesville', 40.180441, -81.895074),
		(34, 'Conneaut', 41.934479, -80.580257),
		(34, 'Conover', 40.145694, -84.028297),
		(34, 'Continental', 41.114769, -84.235778),
		(34, 'Convoy', 40.926998, -84.723772),
		(34, 'Coolville', 39.214131, -81.832867),
		(34, 'Corning', 39.634902, -82.097737),
		(34, 'Cortland', 41.325125, -80.732745),
		(34, 'Coshocton', 40.275412, -81.866033),
		(34, 'Covington', 40.11756, -84.349646),
		(34, 'Creola', 39.3497, -82.493835),
		(34, 'Crestline', 40.792714, -82.736723),
		(34, 'Creston', 40.978846, -81.921083),
		(34, 'Crooksville', 39.762321, -82.084018),
		(34, 'Croton', 40.237603, -82.698948),
		(34, 'Crown City', 38.613548, -82.265717),
		(34, 'Cuba', 39.361111, -83.863889),
		(34, 'Cumberland', 39.874092, -81.625925),
		(34, 'Curtice', 41.647736, -83.285825),
		(34, 'Custar', 41.295318, -83.834919),
		(34, 'Cutler', 39.404172, -81.76573),
		(34, 'Cuyahoga Falls', 41.140082, -81.478961),
		(34, 'Cygnet', 41.247024, -83.614151),
		(34, 'Cynthiana', 39.173611, -83.348611),
		(34, 'Dalton', 40.779326, -81.70078),
		(34, 'Damascus', 40.901944, -80.955278),
		(34, 'Danville', 40.455693, -82.263855),
		(34, 'Dayton', 39.765396,-84.099802),
		(34, 'De Graff', 40.305773, -83.9153),
		(34, 'Decatur', 38.815556, -83.703889),
		(34, 'Deerfield', 41.03586, -81.052827),
		(34, 'Deersville', 40.3075, -81.186667),
		(34, 'Defiance', 41.279858, -84.362583),
		(34, 'Delaware', 40.293186, -83.072312),
		(34, 'Dellroy', 40.586143, -81.19856),
		(34, 'Delphos', 40.833619, -84.324678),
		(34, 'Delta', 41.557695, -83.9866),
		(34, 'Dennison', 40.408885, -81.320301),
		(34, 'Derby', 39.768611, -83.205833),
		(34, 'Derwent', 39.923056, -81.544444),
		(34, 'Deshler', 41.223945, -83.896434),
		(34, 'Dexter City', 39.652585, -81.467151),
		(34, 'Diamond', 41.093473, -81.0425),
		(34, 'Dillonvale', 40.212132, -80.802843),
		(34, 'Dola', 40.787645, -83.689371),
		(34, 'Donnelsville', 39.918333, -83.948611),
		(34, 'Dorset', 41.658972, -80.668334),
		(34, 'Dover', 40.534338, -81.476321),
		(34, 'Doylestown', 40.965042, -81.684845),
		(34, 'Dresden', 40.112941, -82.018807),
		(34, 'Dublin', 40.099167, -83.114167),
		(34, 'Dunbridge', 41.458056, -83.610278),
		(34, 'Duncan Falls', 39.877777, -81.911665),
		(34, 'Dundee', 40.639441, -81.676519),
		(34, 'Dunkirk', 40.782375, -83.633912),
		(34, 'Dupont', 41.100278, -84.266389),
		(34, 'East Canton', 40.784983, -81.278295),
		(34, 'East Claridon', 41.5325, -81.115833),
		(34, 'East Fultonham', 39.85, -82.122222),
		(34, 'East Liberty', 40.307682, -83.586221),
		(34, 'East Liverpool', 40.645918, -80.578669),
		(34, 'East Palestine', 40.840554, -80.546513),
		(34, 'East Rochester', 40.756288, -81.01749),
		(34, 'East Sparta', 40.697065, -81.368728),
		(34, 'East Springfield', 40.450556, -80.860556),
		(34, 'Eastlake', 41.649822, -81.447887),
		(34, 'Eaton', 39.742572, -84.650849),
		(34, 'Edgerton', 41.442496, -84.734937),
		(34, 'Edison', 40.590475, -82.902301),
		(34, 'Edon', 41.584219, -84.757002),
		(34, 'Eldorado', 39.888209, -84.678592),
		(34, 'Elgin', 40.7425, -84.475833),
		(34, 'Elkton', 40.761944, -80.698889),
		(34, 'Ellsworth', 41.024167, -80.8575),
		(34, 'Elmore', 41.468144, -83.27673),
		(34, 'Elyria', 41.372353, -82.105088),
		(34, 'Empire', 40.5075, -80.624167),
		(34, 'Englewood', 39.873976, -84.309515),
		(34, 'Enon', 39.866282, -83.938464),
		(34, 'Etna', 39.957222, -82.681944),
		(34, 'Euclid', 41.569615, -81.525686),
		(34, 'Evansport', 41.426111, -84.396389),
		(34, 'Fairborn', 39.805311, -84.019789),
		(34, 'Fairfield', 39.326602, -84.547881),
		(34, 'Fairlawn', 41.1365, -81.5667),
		(34, 'Fairpoint', 40.120278, -80.933056),
		(34, 'Fairview', 39.901944, -81.554444),
		(34, 'Farmdale', 41.392301, -80.662818),
		(34, 'Farmer', 41.383056, -84.630556),
		(34, 'Farmersville', 39.686684, -84.420507),
		(34, 'Fayette', 41.671716, -84.325004),
		(34, 'Fayetteville', 39.186214, -83.950087),
		(34, 'Feesburg', 38.878333, -83.998889),
		(34, 'Felicity', 38.826248, -84.098581),
		(34, 'Findlay', 41.044167, -83.65),
		(34, 'Flat Rock', 41.235833, -82.860278),
		(34, 'Fleming', 39.392806, -81.656444),
		(34, 'Fletcher', 40.152622, -84.13304),
		(34, 'Flushing', 40.145144, -81.07573),
		(34, 'Forest', 40.79955, -83.509771),
		(34, 'Fort Jennings', 40.948393, -84.237381),
		(34, 'Fort Loramie', 40.330632, -84.374131),
		(34, 'Fort Recovery', 40.401829, -84.76125),
		(34, 'Fostoria', 41.162346, -83.413938),
		(34, 'Fowler', 41.334851, -80.605894),
		(34, 'Frankfort', 39.391015, -83.203356),
		(34, 'Franklin', 39.547839, -84.305881),
		(34, 'Franklin Furnace', 38.628216, -82.814477),
		(34, 'Frazeysburg', 40.131616, -82.129279),
		(34, 'Fredericksburg', 40.685953, -81.851812),
		(34, 'Fredericktown', 40.497613, -82.585711),
		(34, 'Freeport', 40.192502, -81.276955),
		(34, 'Fremont', 41.349792, -83.118095),
		(34, 'Fresno', 40.371126, -81.762297),
		(34, 'Friendship', 38.697778, -83.093889),
		(34, 'Fulton', 40.465013, -82.836244),
		(34, 'Fultonham', 39.855556, -82.141667),
		(34, 'Galena', 40.191546, -82.895937),
		(34, 'Galion', 40.730316, -82.793943),
		(34, 'Gallipolis', 38.814781, -82.22902),
		(34, 'Galloway', 39.936604, -83.183848),
		(34, 'Gambier', 40.378241, -82.382752),
		(34, 'Garrettsville', 41.298803, -81.070365),
		(34, 'Gates Mills', 41.532368, -81.415021),
		(34, 'Geneva', 41.802864, -80.947363),
		(34, 'Genoa', 41.530005, -83.358984),
		(34, 'Georgetown', 38.871708, -83.909153),
		(34, 'Germantown', 39.6244, -84.376384),
		(34, 'Gettysburg', 40.111389, -84.495278),
		(34, 'Gibsonburg', 41.380474, -83.335762),
		(34, 'Girard', 41.161136, -80.693305),
		(34, 'Glandorf', 41.028889, -84.079167),
		(34, 'Glencoe', 40.008056, -80.887778),
		(34, 'Glenford', 39.869935, -82.302592),
		(34, 'Glenmont', 40.521682, -82.150538),
		(34, 'Glouster', 39.497837, -82.087128),
		(34, 'Gnadenhutten', 40.372123, -81.405858),
		(34, 'Gomer', 40.845, -84.187222),
		(34, 'Goshen', 39.220931, -84.118764),
		(34, 'Grafton', 41.28537, -82.043098),
		(34, 'Grand Rapids', 41.437855, -83.855246),
		(34, 'Grand River', 41.736111, -81.281389),
		(34, 'Granville', 40.078791, -82.519399),
		(34, 'Gratiot', 39.951111, -82.216111),
		(34, 'Gratis', 39.647778, -84.527222),
		(34, 'Graysville', 39.659384, -81.189152),
		(34, 'Graytown', 41.527136, -83.261135),
		(34, 'Green', 40.945833, -81.483333),
		(34, 'Green Camp', 40.531944, -83.210556),
		(34, 'Green Springs', 41.228111, -83.088549),
		(34, 'Greenfield', 39.347763, -83.389805),
		(34, 'Greenford', 40.943889, -80.791667),
		(34, 'Greentown', 40.9275, -81.402778),
		(34, 'Greenville', 40.098726, -84.634189),
		(34, 'Greenwich', 41.04068, -82.51334),
		(34, 'Grelton', 41.341667, -83.999722),
		(34, 'Grove City', 39.881382,-83.083944),
		(34, 'Groveport', 39.858137, -82.887219),
		(34, 'Grover Hill', 41.024497, -84.495601),
		(34, 'Guysville', 39.294368, -81.926841),
		(34, 'Gypsum', 41.493333, -82.875833),
		(34, 'Hallsville', 39.443889, -82.827222),
		(34, 'Hamden', 39.168497, -82.509976),
		(34, 'Hamersville', 38.919962, -83.993062),
		(34, 'Hamilton', 39.405906, -84.522117),
		(34, 'Hamler', 41.212874, -84.071989),
		(34, 'Hammondsville', 40.579909, -80.729918),
		(34, 'Hannibal', 39.667222, -80.872222),
		(34, 'Hanoverton', 40.773116, -80.914445),
		(34, 'Harbor View', 41.693333, -83.444444),
		(34, 'Harlem Springs', 40.520833, -81.003333),
		(34, 'Harpster', 40.747541, -83.23428),
		(34, 'Harrisburg', 39.809444, -83.171111),
		(34, 'Harrison', 39.259208, -84.78368),
		(34, 'Harrisville', 40.181389, -80.887778),
		(34, 'Harrod', 40.717657, -83.943649),
		(34, 'Hartford', 41.311389, -80.568611),
		(34, 'Hartville', 40.961798, -81.323873),
		(34, 'Harveysburg', 39.503611, -84.010556),
		(34, 'Haskins', 41.465159, -83.705858),
		(34, 'Haverhill', 38.584722, -82.832222),
		(34, 'Haviland', 41.032911, -84.6139),
		(34, 'Haydenville', 39.481944, -82.328333),
		(34, 'Hayesville', 40.773056, -82.2625),
		(34, 'Heath', 40.019659, -82.387527),
		(34, 'Hebron', 39.953464, -82.491868),
		(34, 'Helena', 41.318005, -83.323184),
		(34, 'Hicksville', 41.303378, -84.758852),
		(34, 'Hideaway Hls', 39.698807, -82.42548),
		(34, 'Higginsport', 38.789722, -83.9675),
		(34, 'Highland', 39.344444, -83.5975),
		(34, 'Hilliard', 40.032187, -83.138333),
		(34, 'Hillsboro', 39.167877, -83.606406),
		(34, 'Hinckley', 41.241872, -81.74527),
		(34, 'Hiram', 41.332253, -81.14644),
		(34, 'Hockingport', 39.188056, -81.751944),
		(34, 'Holgate', 41.254859, -84.144735),
		(34, 'Holland', 41.622629, -83.725712),
		(34, 'Hollansburg', 39.989862, -84.79008),
		(34, 'Holloway', 40.162222, -81.132778),
		(34, 'Holmesville', 40.633042, -81.927476),
		(34, 'Homer', 40.252778, -82.517778),
		(34, 'Homerville', 41.02669, -82.124957),
		(34, 'Homeworth', 40.859192, -81.065473),
		(34, 'Hooven', 39.178056, -84.759167),
		(34, 'Hopedale', 40.349647, -80.902136),
		(34, 'Hopewell', 39.96008, -82.175619),
		(34, 'Houston', 40.253478, -84.352109),
		(34, 'Howard', 40.415818, -82.333351),
		(34, 'Hoytville', 41.19, -83.784722),
		(34, 'Hubbard', 41.162401, -80.576192),
		(34, 'Hudson', 41.245836, -81.436659),
		(34, 'Huntsburg', 41.530559, -81.057183),
		(34, 'Huntsville', 40.441295, -83.792748),
		(34, 'Huron', 41.390662, -82.555491),
		(34, 'Iberia', 40.670278, -82.843611),
		(34, 'Independence', 41.380905, -81.66421),
		(34, 'Irondale', 40.511052, -80.791546),
		(34, 'Ironton', 38.529429, -82.665351),
		(34, 'Irwin', 40.128352, -83.458699),
		(34, 'Isle Saint George', 41.713668, -82.819275),
		(34, 'Jackson', 39.042821, -82.647209),
		(34, 'Jackson Center', 40.435802, -84.045677),
		(34, 'Jacksontown', 39.959444, -82.413056),
		(34, 'Jacksonville', 39.475, -82.079167),
		(34, 'Jacobsburg', 39.956304, -80.882181),
		(34, 'Jamestown', 39.642848, -83.750417),
		(34, 'Jasper', 39.05, -83.056667),
		(34, 'Jefferson', 41.733513, -80.756166),
		(34, 'Jeffersonville', 39.65896, -83.56873),
		(34, 'Jenera', 40.900388, -83.725628),
		(34, 'Jeromesville', 40.813366, -82.186134),
		(34, 'Jerry City', 41.253889, -83.604444),
		(34, 'Jerusalem', 39.848831, -81.092088),
		(34, 'Jewell', 41.325833, -84.285556),
		(34, 'Jewett', 40.37446, -81.000379),
		(34, 'Johnstown', 40.14452, -82.697284),
		(34, 'Junction City', 39.696531, -82.315525),
		(34, 'Kalida', 40.982778, -84.199444),
		(34, 'Kansas', 41.212543, -83.329829),
		(34, 'Keene', 40.345, -81.868333),
		(34, 'Kelleys Island', 41.600755, -82.706811),
		(34, 'Kensington', 40.71418, -80.938079),
		(34, 'Kent', 41.14492, -81.34976),
		(34, 'Kenton', 40.640433, -83.611087),
		(34, 'Kerr', 38.872778, -82.260833),
		(34, 'Kettlersville', 40.438889, -84.261389),
		(34, 'Kidron', 40.740833, -81.745),
		(34, 'Kilbourne', 40.33, -82.9575),
		(34, 'Killbuck', 40.4933, -81.983721),
		(34, 'Kimbolton', 40.166544, -81.53036),
		(34, 'Kings Mills', 39.355556, -84.248611),
		(34, 'Kingston', 39.441432, -82.848808),
		(34, 'Kingsville', 41.872311, -80.660092),
		(34, 'Kinsman', 41.435442, -80.576506),
		(34, 'Kipling', 39.996111, -81.500833),
		(34, 'Kipton', 41.268056, -82.302222),
		(34, 'Kirby', 40.813056, -83.418611),
		(34, 'Kirkersville', 39.959444, -82.595833),
		(34, 'Kitts Hill', 38.564945, -82.548897),
		(34, 'Kunkle', 41.636667, -84.495278),
		(34, 'La Rue', 40.578879, -83.373397),
		(34, 'Lacarne', 41.527846, -83.024004),
		(34, 'Lafayette', 40.759167, -83.948333),
		(34, 'Lafferty', 40.111667, -81.018333),
		(34, 'Lagrange', 41.242278, -82.127918),
		(34, 'Laings', 39.716944, -81.0125),
		(34, 'Lake Milton', 41.101354, -80.97235),
		(34, 'Lakemore', 41.020833, -81.436111),
		(34, 'Lakeside Marblehead', 41.52913, -82.771392),
		(34, 'Lakeview', 40.503033, -83.908139),
		(34, 'Lakeville', 40.651965, -82.145477),
		(34, 'Lakewood', 41.482654, -81.797143),
		(34, 'Lancaster', 39.718697, -82.603074),
		(34, 'Langsville', 39.056325, -82.231186),
		(34, 'Lansing', 40.075556, -80.790278),
		(34, 'Latham', 39.080436, -83.328294),
		(34, 'Latty', 41.088611, -84.585278),
		(34, 'Laura', 39.978492, -84.3994),
		(34, 'Laurelville', 39.4757, -82.721219),
		(34, 'Leavittsburg', 41.244498, -80.886922),
		(34, 'Lebanon', 39.442047, -84.218754),
		(34, 'Lees Creek', 39.42, -83.649444),
		(34, 'Leesburg', 39.345767, -83.548146),
		(34, 'Leesville', 40.451667, -81.212222),
		(34, 'Leetonia', 40.863077, -80.758453),
		(34, 'Leipsic', 41.109197, -83.995723),
		(34, 'Lemoyne', 41.495833, -83.474167),
		(34, 'Lewis Center', 40.198333, -83.010278),
		(34, 'Lewisburg', 39.853404, -84.53685),
		(34, 'Lewistown', 40.42768, -83.920893),
		(34, 'Lewisville', 39.768379, -81.231583),
		(34, 'Liberty Center', 41.451371, -83.985889),
		(34, 'Lima', 40.764066, -84.097296),
		(34, 'Lima', 40.675926, -84.144049),
		(34, 'Limaville', 40.981944, -81.148611),
		(34, 'Lindsey', 41.414747, -83.213474),
		(34, 'Lisbon', 40.759154, -80.758674),
		(34, 'Litchfield', 41.166847, -82.015674),
		(34, 'Lithopolis', 39.802778, -82.806389),
		(34, 'Little Hocking', 39.280046, -81.707107),
		(34, 'Lockbourne', 39.814236, -82.976369),
		(34, 'Lodi', 41.032713, -82.014661),
		(34, 'Logan', 39.537175, -82.412594),
		(34, 'London', 39.900074, -83.443899),
		(34, 'Londonderry', 39.272283, -82.783288),
		(34, 'Long Bottom', 39.08015, -81.888748),
		(34, 'Lorain', 41.457796, -82.171039),
		(34, 'Lore City', 40.045854, -81.447853),
		(34, 'Loudonville', 40.636059, -82.23559),
		(34, 'Louisville', 40.847729, -81.259464),
		(34, 'Loveland', 39.244484, -84.258802),
		(34, 'Lowell', 39.53847, -81.519679),
		(34, 'Lowellville', 41.050256, -80.541551),
		(34, 'Lower Salem', 39.593895, -81.35452),
		(34, 'Lucas', 40.70389, -82.408671),
		(34, 'Lucasville', 38.893832, -82.994009),
		(34, 'Luckey', 41.451669, -83.467396),
		(34, 'Ludlow Falls', 39.987091, -84.333391),
		(34, 'Lynchburg', 39.211931, -83.802124),
		(34, 'Lynx', 38.773056, -83.413056),
		(34, 'Lyons', 41.690546, -84.062351),
		(34, 'Macedonia', 41.322236, -81.499578),
		(34, 'Macksburg', 39.620356, -81.447088),
		(34, 'Madison', 41.805367, -81.058819),
		(34, 'Magnetic Springs', 40.358023, -83.267142),
		(34, 'Magnolia', 40.651414, -81.307607),
		(34, 'Maineville', 39.313878, -84.252567),
		(34, 'Malaga', 39.854722, -81.149444),
		(34, 'Malinta', 41.308425, -84.045731),
		(34, 'Malta', 39.648212, -81.912746),
		(34, 'Malvern', 40.684532, -81.18378),
		(34, 'Manchester', 38.698167, -83.618064),
		(34, 'Mansfield', 40.7633, -82.5138),
		(34, 'Mantua', 41.294141, -81.228259),
		(34, 'Maple Heights', 41.410513, -81.560339),
		(34, 'Maplewood', 40.343743, -84.076657),
		(34, 'Marathon', 39.144722, -84.006389),
		(34, 'Marengo', 40.389512,-82.812136),
		(34, 'Maria Stein', 40.406225, -84.507579),
		(34, 'Marietta', 39.428141, -81.464438),
		(34, 'Marion', 40.5886, -83.1286),
		(34, 'Mark Center', 41.291669, -84.62778),
		(34, 'Marshallville', 40.906677, -81.722527),
		(34, 'Martel', 40.670775, -82.90586),
		(34, 'Martin', 41.596249, -83.345536),
		(34, 'Martins Ferry', 40.103597, -80.736125),
		(34, 'Martinsburg', 40.267954, -82.356691),
		(34, 'Martinsville', 39.312705, -83.800545),
		(34, 'Marysville', 40.247723, -83.362213),
		(34, 'Mason', 39.335741, -84.314935),
		(34, 'Massillon', 40.811605, -81.497263),
		(34, 'Masury', 41.22552, -80.532565),
		(34, 'Maumee', 41.581682, -83.66283),
		(34, 'Maximo', 40.876389, -81.172222),
		(34, 'Maynard', 40.123333, -80.879444),
		(34, 'Mc Arthur', 39.255326, -82.490699),
		(34, 'Mc Clure', 41.377309, -83.942482),
		(34, 'Mc Comb', 41.112498, -83.801423),
		(34, 'Mc Cutchenville', 40.975225, -83.263669),
		(34, 'Mc Dermott', 38.836203, -83.068892),
		(34, 'Mc Donald', 41.158026, -80.731169),
		(34, 'Mc Guffey', 40.693611, -83.787778),
		(34, 'Mcconnelsville', 39.670014, -81.837625),
		(34, 'Mechanicsburg', 40.064659, -83.572352),
		(34, 'Mechanicstown', 40.626279, -80.956025),
		(34, 'Medina', 41.140415, -81.858351),
		(34, 'Medway', 39.879774, -84.026808),
		(34, 'Melmore', 41.038954, -83.143238),
		(34, 'Melrose', 41.092222, -84.419722),
		(34, 'Mendon', 40.677737, -84.51515),
		(34, 'Mentor', 41.689468, -81.342133),
		(34, 'Mesopotamia', 41.458333, -80.955278),
		(34, 'Metamora', 41.695233, -83.925972),
		(34, 'Miamisburg', 39.632095, -84.267477),
		(34, 'Miamitown', 39.215833, -84.704167),
		(34, 'Miamiville', 39.2125, -84.299444),
		(34, 'Middle Bass', 41.678889, -82.812222),
		(34, 'Middle Point', 40.873147, -84.417495),
		(34, 'Middlebranch', 40.89, -81.328889),
		(34, 'Middleburg', 40.2925, -83.5825),
		(34, 'Middlefield', 41.445547, -81.037338),
		(34, 'Middleport', 38.999312, -82.060012),
		(34, 'Middletown', 39.532121, -84.389601),
		(34, 'Midland', 39.29169, -83.893131),
		(34, 'Midvale', 40.437778, -81.373333),
		(34, 'Milan', 41.311065, -82.612565),
		(34, 'Milford', 39.179987, -84.243814),
		(34, 'Milford Center', 40.181666, -83.437333),
		(34, 'Millbury', 41.56106, -83.438083),
		(34, 'Milledgeville', 39.592778, -83.5875),
		(34, 'Miller City', 41.102778, -84.131389),
		(34, 'Millersburg', 40.556683, -81.832383),
		(34, 'Millersport', 39.899307, -82.528348),
		(34, 'Millfield', 39.407711, -82.111328),
		(34, 'Milton Center', 41.3025, -83.828889),
		(34, 'Mineral City', 40.625686, -81.354561),
		(34, 'Mineral Ridge', 41.131843, -80.755293),
		(34, 'Minerva', 40.742049, -81.103076),
		(34, 'Minford', 38.875087, -82.855538),
		(34, 'Mingo', 40.208056, -83.638333),
		(34, 'Mingo Junction', 40.320256, -80.625021),
		(34, 'Minster', 40.390983, -84.372895),
		(34, 'Mogadore', 41.038196, -81.358963),
		(34, 'Monclova', 41.568416, -83.775718),
		(34, 'Monroe', 39.441285, -84.365196),
		(34, 'Monroeville', 41.218074, -82.70233),
		(34, 'Montezuma', 40.488889,-84.548611),
		(34, 'Montpelier', 41.59821, -84.614703),
		(34, 'Montville', 41.603446, -81.057036),
		(34, 'Morral', 40.695366, -83.204606),
		(34, 'Morristown', 40.063056, -81.074444),
		(34, 'Morrow', 39.347619, -84.118085),
		(34, 'Moscow', 38.858255, -84.195824),
		(34, 'Mount Blanchard', 40.892929, -83.555286),
		(34, 'Mount Cory', 40.943717, -83.809285),
		(34, 'Mount Eaton', 40.694444, -81.703333),
		(34, 'Mount Gilead', 40.538371, -82.806235),
		(34, 'Mount Hope', 40.623889, -81.784722),
		(34, 'Mount Liberty', 40.346667, -82.630278),
		(34, 'Mount Orab', 39.045368, -83.948027),
		(34, 'Mount Perry', 39.878798, -82.188039),
		(34, 'Mount Pleasant', 40.175278, -80.798056),
		(34, 'Mount Saint Joseph', 39.098333, -84.648333),
		(34, 'Mount Sterling', 39.717506, -83.280618),
		(34, 'Mount Vernon', 40.384937, -82.487286),
		(34, 'Mount Victory', 40.52321, -83.494165),
		(34, 'Mowrystown', 39.038333, -83.748611),
		(34, 'Moxahala', 39.6625, -82.136389),
		(34, 'Munroe Falls', 41.14202, -81.437565),
		(34, 'Murray City', 39.511389, -82.163611),
		(34, 'Nankin', 40.921389, -82.281944),
		(34, 'Napoleon', 41.390969, -84.143271),
		(34, 'Nashport', 40.038588, -82.09976),
		(34, 'Nashville', 40.596111, -82.112222),
		(34, 'Navarre', 40.720405, -81.533824),
		(34, 'Neapolis', 41.492778, -83.873333),
		(34, 'Neffs', 40.027222, -80.815278),
		(34, 'Negley', 40.774601, -80.564497),
		(34, 'Nelsonville', 39.455635, -82.230883),
		(34, 'Nevada', 40.825946, -83.126567),
		(34, 'Neville', 38.81, -84.212222),
		(34, 'New Albany', 40.084686, -82.798793),
		(34, 'New Athens', 40.184722, -80.995833),
		(34, 'New Bavaria', 41.208649, -84.191336),
		(34, 'New Bloomington', 40.607301, -83.322351),
		(34, 'New Bremen', 40.438917, -84.3821),
		(34, 'New Carlisle', 39.930025, -84.021704),
		(34, 'New Concord', 40.008798, -81.738727),
		(34, 'New Hampshire', 40.556111, -83.952778),
		(34, 'New Haven', 41.031667, -82.681667),
		(34, 'New Holland', 39.558897, -83.250429),
		(34, 'New Knoxville', 40.50386, -84.311797),
		(34, 'New Lebanon', 39.739798, -84.395591),
		(34, 'New Lexington', 39.717438, -82.201884),
		(34, 'New London', 41.090575, -82.396588),
		(34, 'New Madison', 39.968711, -84.722211),
		(34, 'New Marshfield', 39.338295, -82.222513),
		(34, 'New Matamoras', 39.528819, -81.093998),
		(34, 'New Middletown', 40.964607, -80.553415),
		(34, 'New Paris', 39.861718, -84.779337),
		(34, 'New Philadelphia', 40.484539, -81.435827),
		(34, 'New Plymouth', 39.388421, -82.389172),
		(34, 'New Richmond', 38.953663, -84.237903),
		(34, 'New Riegel', 41.036058, -83.241807),
		(34, 'New Rumley', 40.401667, -81.031111),
		(34, 'New Springfield', 40.926517, -80.585585),
		(34, 'New Straitsville', 39.586872, -82.248804),
		(34, 'New Vienna', 39.332058, -83.688171),
		(34, 'New Washington', 40.957076, -82.850359),
		(34, 'New Waterford', 40.848941, -80.620855),
		(34, 'New Weston', 40.334923, -84.630792),
		(34, 'Newark', 40.072429, -82.404565),
		(34, 'Newbury', 41.475022, -81.23452),
		(34, 'Newcomerstown', 40.273895, -81.593969),
		(34, 'Newport', 39.39711, -81.240175),
		(34, 'Newton Falls', 41.191047, -80.970135),
		(34, 'Newtonsville', 39.181944, -84.086389),
		(34, 'Ney', 41.378083, -84.526921),
		(34, 'Niles', 41.182414, -80.755775),
		(34, 'North Baltimore', 41.186703, -83.680581),
		(34, 'North Bend', 39.153605, -84.727261),
		(34, 'North Benton', 40.987579, -81.016168),
		(34, 'North Bloomfield', 41.456887, -80.806835),
		(34, 'North Canton', 40.889919, -81.413464),
		(34, 'North Fairfield', 41.102987, -82.599801),
		(34, 'North Georgetown', 40.843056, -80.986111),
		(34, 'North Hampton', 39.99, -83.94),
		(34, 'North Jackson', 41.088044, -80.86225),
		(34, 'North Kingsville', 41.905833, -80.690556),
		(34, 'North Lawrence', 40.838652, -81.629946),
		(34, 'North Lewisburg', 40.222871, -83.561476),
		(34, 'North Lima', 40.964866, -80.654911),
		(34, 'North Olmsted', 41.420129, -81.913056),
		(34, 'North Ridgeville', 41.396432, -82.003323),
		(34, 'North Robinson', 40.7925, -82.857222),
		(34, 'North Royalton', 41.323164, -81.745657),
		(34, 'North Star', 40.324722, -84.570556),
		(34, 'Northfield', 41.320821, -81.542943),
		(34, 'Northwood', 41.607986, -83.48056),
		(34, 'Norwalk', 41.240314, -82.60785),
		(34, 'Norwich', 39.993438, -81.802425),
		(34, 'Nova', 41.028215, -82.338439),
		(34, 'Novelty', 41.476288, -81.334228),
		(34, 'Oak Harbor', 41.523556, -83.127764),
		(34, 'Oak Hill', 38.891559, -82.588343),
		(34, 'Oakwood', 41.090788, -84.396923),
		(34, 'Oberlin', 41.28987, -82.222863),
		(34, 'Oceola', 40.844722, -83.093889),
		(34, 'Ohio City', 40.785428, -84.673063),
		(34, 'Okeana', 39.353732, -84.776149),
		(34, 'Okolona', 41.392222, -84.125278),
		(34, 'Old Fort', 41.24, -83.15),
		(34, 'Old Washington', 40.038611, -81.444722),
		(34, 'Olmsted Falls', 41.373351, -81.915769),
		(34, 'Ontario', 40.759444, -82.590278),
		(34, 'Orangeville', 41.339167, -80.519167),
		(34, 'Oregon', 41.641842, -83.471366),
		(34, 'Oregonia', 39.414479, -84.051136),
		(34, 'Orient', 39.795386, -83.154317),
		(34, 'Orrville', 40.845836, -81.774109),
		(34, 'Orwell', 41.533456, -80.839671),
		(34, 'Osgood', 40.339722, -84.495278),
		(34, 'Ostrander', 40.273971, -83.197813),
		(34, 'Ottawa', 41.029747, -84.047293),
		(34, 'Ottoville', 40.937218, -84.347392),
		(34, 'Otway', 38.85203, -83.222172),
		(34, 'Overpeck', 39.450833, -84.514444),
		(34, 'Owensville', 39.1225, -84.135833),
		(34, 'Oxford', 39.503838, -84.738518),
		(34, 'Painesville', 41.714014, -81.243665),
		(34, 'Palestine', 40.049444, -84.743333),
		(34, 'Pandora', 40.95087, -83.952073),
		(34, 'Paris', 40.801413, -81.15399),
		(34, 'Parkman', 41.370556, -81.065278),
		(34, 'Pataskala', 40.000925, -82.668656),
		(34, 'Patriot', 38.77702, -82.427491),
		(34, 'Paulding', 41.141016, -84.572227),
		(34, 'Payne', 41.08069, -84.734127),
		(34, 'Pedro', 38.650323, -82.647722),
		(34, 'Peebles', 38.986885, -83.368698),
		(34, 'Pemberton', 40.294722, -84.0325),
		(34, 'Pemberville', 41.402258, -83.473642),
		(34, 'Peninsula', 41.225579, -81.540013),
		(34, 'Perry', 41.767916, -81.143312),
		(34, 'Perrysburg', 41.542926, -83.592727),
		(34, 'Perrysville', 40.660626, -82.321307),
		(34, 'Petersburg', 40.904861, -80.540031),
		(34, 'Pettisville', 41.530556, -84.229722),
		(34, 'Phillipsburg', 39.904444, -84.401667),
		(34, 'Philo', 39.845773, -81.917479),
		(34, 'Pickerington', 39.906062, -82.756267),
		(34, 'Piedmont', 40.150716, -81.214494),
		(34, 'Pierpont', 41.767661, -80.574114),
		(34, 'Piketon', 39.040196, -83.076742),
		(34, 'Piney Fork', 40.207778, -80.760556),
		(34, 'Pioneer', 41.665619, -84.536324),
		(34, 'Piqua', 40.148621, -84.253053),
		(34, 'Pitsburg', 39.9875, -84.4875),
		(34, 'Plain City', 40.097356, -83.269049),
		(34, 'Plainfield', 40.209444, -81.719722),
		(34, 'Pleasant City', 39.909514, -81.55797),
		(34, 'Pleasant Hill', 40.053136, -84.343634),
		(34, 'Pleasant Plain', 39.288382, -84.096736),
		(34, 'Pleasantville', 39.822684, -82.504268),
		(34, 'Plymouth', 41.00031, -82.663492),
		(34, 'Polk', 40.934293, -82.212587),
		(34, 'Pomeroy', 39.060729, -82.033145),
		(34, 'Port Clinton', 41.521535, -82.909368),
		(34, 'Port Jefferson', 40.328611, -84.094444),
		(34, 'Port Washington', 40.340359, -81.521518),
		(34, 'Port William', 39.551944, -83.786389),
		(34, 'Portage', 41.312702, -83.614299),
		(34, 'Portland', 38.999919, -81.813548),
		(34, 'Portsmouth', 38.757252, -82.94864),
		(34, 'Potsdam', 39.963333, -84.4175),
		(34, 'Powell', 40.152652, -83.074921),
		(34, 'Powhatan Point', 39.867935, -80.8168),
		(34, 'Proctorville', 38.463461, -82.352294),
		(34, 'Prospect', 40.472659, -83.176295),
		(34, 'Put In Bay', 41.651356, -82.822593),
		(34, 'Quaker City', 39.986576, -81.289883),
		(34, 'Quincy', 40.287606, -83.974411),
		(34, 'Racine', 38.978551, -81.925759),
		(34, 'Radnor', 40.391779, -83.178074),
		(34, 'Randolph', 41.032778, -81.248611),
		(34, 'Rarden', 38.943388, -83.237337),
		(34, 'Ravenna', 41.164886, -81.233656),
		(34, 'Rawson', 41.000135, -83.806951),
		(34, 'Ray', 39.207678, -82.690801),
		(34, 'Rayland', 40.208274, -80.712534),
		(34, 'Raymond', 40.247321, -83.364927),
		(34, 'Reedsville', 39.149002, -81.792433),
		(34, 'Reesville', 39.482222, -83.676944),
		(34, 'Reno', 39.378408, -81.38043),
		(34, 'Republic', 41.125876, -83.019407),
		(34, 'Reynoldsburg', 39.955145, -82.803454),
		(34, 'Richfield', 41.23712, -81.646668),
		(34, 'Richmond', 40.426061, -80.76128),
		(34, 'Richmond Dale', 39.203922, -82.814913),
		(34, 'Richwood', 40.43698, -83.313639),
		(34, 'Ridgeville Corners', 41.437778, -84.2575),
		(34, 'Ridgeway', 40.520923, -83.570161),
		(34, 'Rio Grande', 38.879444, -82.380556),
		(34, 'Ripley', 38.755095, -83.822677),
		(34, 'Risingsun', 41.270639, -83.43259),
		(34, 'Rittman', 40.968381, -81.782599),
		(34, 'Robertsville', 40.763056, -81.189722),
		(34, 'Rock Camp', 38.522145, -82.563832),
		(34, 'Rock Creek', 41.6651, -80.885134),
		(34, 'Rockbridge', 39.550907, -82.562572),
		(34, 'Rockford', 40.677077, -84.664174),
		(34, 'Rocky Ridge', 41.533333, -83.2125),
		(34, 'Rocky River', 41.469401, -81.851246),
		(34, 'Rogers', 40.778943, -80.620237),
		(34, 'Rome', 41.602629, -80.832075),
		(34, 'Rootstown', 41.099534, -81.202642),
		(34, 'Roseville', 39.818656, -82.079212),
		(34, 'Rosewood', 40.218889, -83.960833),
		(34, 'Ross', 39.312222, -84.650556),
		(34, 'Rossburg', 40.29465, -84.626419),
		(34, 'Rossford', 41.604908, -83.563793),
		(34, 'Roundhead', 40.580337, -83.848502),
		(34, 'Rudolph', 41.296734, -83.683212),
		(34, 'Rushsylvania', 40.465808, -83.659789),
		(34, 'Rushville', 39.767375, -82.427981),
		(34, 'Russells Point', 40.474956, -83.879825),
		(34, 'Russellville', 38.851128, -83.762459),
		(34, 'Russia', 40.234065, -84.412255),
		(34, 'Rutland', 39.045653, -82.121914),
		(34, 'Sabina', 39.490022, -83.650252),
		(34, 'Saint Clairsville', 40.083439, -80.902285),
		(34, 'Saint Henry', 40.409138, -84.633338),
		(34, 'Saint Johns', 40.555833, -84.083611),
		(34, 'Saint Louisville', 40.181776, -82.356015),
		(34, 'Saint Marys', 40.543988, -84.394399),
		(34, 'Saint Paris', 40.105755, -83.963062),
		(34, 'Salem', 40.900024, -80.861883),
		(34, 'Salesville', 40.008146, -81.372793),
		(34, 'Salineville', 40.619525, -80.834977),
		(34, 'Sandusky', 41.434878, -82.70633),
		(34, 'Sandyville', 40.640278, -81.3725),
		(34, 'Sarahsville', 39.793846, -81.467825),
		(34, 'Sardinia', 38.983232, -83.796649),
		(34, 'Sardis', 39.652639, -80.924308),
		(34, 'Savannah', 40.945382, -82.344272),
		(34, 'Scio', 40.40116, -81.101577),
		(34, 'Scioto Furnace', 38.798611, -82.765),
		(34, 'Scott', 40.989238, -84.584455),
		(34, 'Scottown', 38.594034, -82.396685),
		(34, 'Seaman', 38.962072, -83.593625),
		(34, 'Sebring', 40.922694, -81.023191),
		(34, 'Sedalia', 39.7325, -83.475278),
		(34, 'Senecaville', 39.933719, -81.458043),
		(34, 'Seven Mile', 39.48, -84.551944),
		(34, 'Seville', 41.022731, -81.856199),
		(34, 'Shade', 39.212862, -82.021755),
		(34, 'Shadyside', 39.967497, -80.764309),
		(34, 'Shandon', 39.326389, -84.714722),
		(34, 'Sharon Center', 41.099722, -81.735833),
		(34, 'Sharpsburg', 39.435833, -81.911667),
		(34, 'Shauck', 40.620833, -82.661944),
		(34, 'Shawnee', 39.610984, -82.208459),
		(34, 'Sheffield Lake', 41.482276, -82.096497),
		(34, 'Shelby', 40.878432, -82.654949),
		(34, 'Sherrodsville', 40.518418, -81.233945),
		(34, 'Sherwood', 41.294593, -84.541674),
		(34, 'Shiloh', 40.934015, -82.522155),
		(34, 'Shreve', 40.692584, -82.032451),
		(34, 'Sidney', 40.287357, -84.162223),
		(34, 'Sinking Spring', 39.072778, -83.386944),
		(34, 'Smithfield', 40.270833, -80.781667),
		(34, 'Smithville', 40.859228, -81.863328),
		(34, 'Solon', 41.386597, -81.442082),
		(34, 'Somerdale', 40.566389, -81.360833),
		(34, 'Somerset', 39.793615, -82.29911),
		(34, 'Somerville', 39.555366, -84.621911),
		(34, 'South Bloomingville', 39.374145, -82.639404),
		(34, 'South Charleston', 39.846939, -83.660787),
		(34, 'South Lebanon', 39.371451, -84.210783),
		(34, 'South Point', 38.433856, -82.552883),
		(34, 'South Salem', 39.302137, -83.271953),
		(34, 'South Solon', 39.742295, -83.596984),
		(34, 'South Vienna', 39.94732, -83.615704),
		(34, 'South Webster', 38.819967, -82.720151),
		(34, 'Southington', 41.298312, -80.948474),
		(34, 'Sparta', 40.373492, -82.697034),
		(34, 'Spencer', 41.098287, -82.099907),
		(34, 'Spencerville', 40.703767, -84.34125),
		(34, 'Spring Valley', 39.602761, -84.101583),
		(34, 'Springboro', 39.562975, -84.228774),
		(34, 'Springfield', 39.924167, -83.808889),
		(34, 'Stafford', 39.713333, -81.276389),
		(34, 'Sterling', 40.953263, -81.851914),
		(34, 'Steubenville', 40.370638, -80.66115),
		(34, 'Stewart', 39.32133, -81.892884),
		(34, 'Stillwater', 40.323333, -81.308611),
		(34, 'Stockdale', 38.956389, -82.858333),
		(34, 'Stockport', 39.561434, -81.825251),
		(34, 'Stone Creek', 40.405188, -81.589018),
		(34, 'Stony Ridge', 41.510278, -83.507222),
		(34, 'Stout', 38.654588, -83.208984),
		(34, 'Stoutsville', 39.60672, -82.819279),
		(34, 'Stow', 41.174808, -81.438017),
		(34, 'Strasburg', 40.60028, -81.536646),
		(34, 'Stratton', 40.521667, -80.626389),
		(34, 'Streetsboro', 41.249099, -81.338298),
		(34, 'Strongsville', 41.313218, -81.828457),
		(34, 'Struthers', 41.050847, -80.598487),
		(34, 'Stryker', 41.486123, -84.408914),
		(34, 'Sugar Grove', 39.627699, -82.532113),
		(34, 'Sugarcreek', 40.514785, -81.660356),
		(34, 'Sullivan', 41.036818, -82.217217),
		(34, 'Sulphur Springs', 40.870833, -82.877222),
		(34, 'Summerfield', 39.803597, -81.331993),
		(34, 'Summit Station', 39.996944, -82.752222),
		(34, 'Summitville', 40.678056, -80.886389),
		(34, 'Sunbury', 40.265499, -82.851051),
		(34, 'Swanton', 41.594497, -83.871821),
		(34, 'Sycamore', 40.941299, -83.149176),
		(34, 'Sycamore Valley', 39.666389, -81.243611),
		(34, 'Sylvania', 41.707985, -83.706825),
		(34, 'Syracuse', 38.9975, -81.974167),
		(34, 'Tallmadge', 41.097492, -81.425966),
		(34, 'Tarlton', 39.555833, -82.776111),
		(34, 'Terrace Park', 39.160155, -84.309762),
		(34, 'The Plains', 39.366177, -82.134148),
		(34, 'Thompson', 41.676189, -81.057318),
		(34, 'Thornville', 39.897364, -82.407059),
		(34, 'Thurman', 38.898786, -82.404996),
		(34, 'Thurston', 39.840278, -82.546111),
		(34, 'Tiffin', 41.123822, -83.184356),
		(34, 'Tiltonsville', 40.168075, -80.699647),
		(34, 'Tipp City', 39.943577, -84.171501),
		(34, 'Tippecanoe', 40.279748, -81.291937),
		(34, 'Tiro', 40.880992, -82.797032),
		(34, 'Toledo', 41.642, -83.5438),
		(34, 'Toledo', 41.642, -83.5438),
		(34,'Tontogany', 41.419167, -83.740833),
		(34,'Toronto', 40.473298, -80.632504),
		(34, 'Tremont City', 40.011111, -83.836111),
		(34, 'Trenton', 39.479937, -84.459769),
		(34, 'Trimble', 39.484722, -82.079167),
		(34, 'Trinway', 40.141111, -82.01),
		(34, 'Troy', 40.037394, -84.203151),
		(34, 'Tuppers Plains', 39.168611, -81.846667),
		(34, 'Tuscarawas', 40.394722, -81.407222),
		(34, 'Twinsburg', 41.328851, -81.455912),
		(34, 'Uhrichsville', 40.390502, -81.337365),
		(34, 'Union City', 40.201773, -84.783209),
		(34, 'Union Furnace', 39.461667, -82.356389),
		(34, 'Uniontown', 40.963694, -81.421108),
		(34, 'Unionville', 41.780833, -80.989167),
		(34, 'Unionville Center', 40.138333, -83.34),
		(34, 'Uniopolis', 40.602222, -84.086667),
		(34, 'Upper Sandusky', 40.824876, -83.297711),
		(34, 'Urbana', 40.106639, -83.767142),
		(34, 'Utica', 40.244137, -82.413459),
		(34, 'Valley City', 41.236806, -81.924467),
		(34, 'Van Buren', 41.132691, -83.647302),
		(34, 'Van Wert', 40.868927, -84.590364),
		(34, 'Vandalia', 39.888273, -84.202266),
		(34, 'Vanlue', 40.958314, -83.497062),
		(34, 'Vaughnsville', 40.881667, -84.150556),
		(34, 'Venedocia', 40.768454, -84.46204),
		(34, 'Vermilion', 41.409989, -82.355417),
		(34, 'Verona', 39.903333, -84.485556),
		(34, 'Versailles', 40.227284, -84.495697),
		(34, 'Vickery', 41.39099, -82.898953),
		(34, 'Vienna', 41.217478, -80.654998),
		(34, 'Vincent', 39.337446, -81.674265),
		(34, 'Vinton', 38.978338, -82.357014),
		(34, 'Wadsworth', 41.038375, -81.737373),
		(34, 'Wakefield', 38.970278, -83.02),
		(34, 'Wakeman', 41.263748, -82.378168),
		(34, 'Walbridge', 41.586067, -83.493008),
		(34, 'Waldo', 40.460544, -83.070609),
		(34, 'Walhonding', 40.362037, -82.209359),
		(34, 'Walnut Creek', 40.541389, -81.721944),
		(34, 'Wapakoneta', 40.568978, -84.177378),
		(34, 'Warnock', 40.0225, -80.9375),
		(34, 'Warren', 41.172426, -80.871806),
		(34, 'Warsaw', 40.317243, -82.055989),
		(34, 'Washington Court House', 39.534346, -83.438817),
		(34, 'Washingtonville', 40.897331, -80.763137),
		(34, 'Waterford', 39.515904, -81.655917),
		(34, 'Waterloo', 38.718152, -82.517399),
		(34, 'Watertown', 39.465833, -81.633333),
		(34, 'Waterville', 41.502248, -83.733142);

INSERT INTO cities (state_id, city_name, latitude, longitude)
VALUES	(34, 'Wauseon', 41.566796, -84.153745),
		(34, 'Waverly', 39.126445, -83.004874),
		(34, 'Wayland', 41.160556, -81.071389),
		(34, 'Wayne', 41.299312, -83.470065),
		(34, 'Waynesburg', 40.682881, -81.265891),
		(34, 'Waynesfield', 40.607185, -83.958475),
		(34, 'Waynesville', 39.528489, -84.081518),
		(34, 'Wellington', 41.171178, -82.226915),
		(34, 'Wellston', 39.118897, -82.548474),
		(34, 'Wellsville', 40.617099, -80.662095),
		(34, 'West Alexandria', 39.725898, -84.535214),
		(34, 'West Chester', 39.340243, -84.399786),
		(34, 'West Elkton', 39.587778, -84.554444),
		(34, 'West Farmington', 41.350849, -80.967245),
		(34, 'West Jefferson', 39.942409, -83.285306),
		(34, 'West Lafayette', 40.271829, -81.736102),
		(34, 'West Liberty', 40.262541, -83.752763),
		(34, 'West Manchester', 39.902564, -84.619383),
		(34, 'West Mansfield', 40.404284, -83.524274),
		(34, 'West Millgrove', 41.243889, -83.491389),
		(34, 'West Milton', 39.953077, -84.324237),
		(34, 'West Point', 40.708333, -80.7025),
		(34, 'West Portsmouth', 38.749222, -83.047657),
		(34, 'West Rushville', 39.763889, -82.4475),
		(34, 'West Salem', 40.948514, -82.106638),
		(34, 'West Union', 38.801702, -83.533349),
		(34, 'West Unity', 41.575645, -84.442066),
		(34, 'Westerville', 40.1545, -82.9097),
		(34, 'Westerville', 40.114569, -82.910504),
		(34, 'Westfield Center', 41.026389, -81.933333),
		(34, 'Westlake', 41.453459, -81.921771),
		(34, 'Weston', 41.351593, -83.797336),
		(34, 'Westville', 40.109444, -83.838056),
		(34, 'Wharton', 40.861216, -83.463016),
		(34, 'Wheelersburg', 38.741793, -82.820434),
		(34, 'Whipple', 39.480975, -81.363639),
		(34, 'White Cottage', 39.871667, -82.097778),
		(34, 'Whitehouse', 41.519432, -83.81151),
		(34, 'Wickliffe', 41.604565, -81.469175),
		(34, 'Wilberforce', 39.716111, -83.877778),
		(34, 'Wilkesville', 39.140833, -82.376944),
		(34, 'Willard', 41.053056, -82.726389),
		(34, 'Williamsburg', 39.075345, -84.043167),
		(34, 'Williamsfield', 41.538296, -80.596378),
		(34, 'Williamsport', 39.611739, -83.125053),
		(34, 'Williamstown', 40.833889, -83.650833),
		(34, 'Williston', 41.603611, -83.34),
		(34, 'Willoughby', 41.630229, -81.407619),
		(34, 'Willow Wood', 38.593976, -82.453),
		(34, 'Willshire', 40.734618, -84.77773),
		(34, 'Wilmington', 39.448788, -83.841653),
		(34, 'Wilmot', 40.656723, -81.635247),
		(34, 'Winchester', 38.935283, -83.666137),
		(34, 'Windham', 41.239244, -81.053451),
		(34, 'Windsor', 41.56233, -80.966745),
		(34, 'Winesburg', 40.616389, -81.695278),
		(34, 'Wingett Run', 39.542813, -81.283999),
		(34, 'Winona', 40.828056, -80.896389),
		(34, 'Wolf Run', 40.467222, -80.889444),
		(34, 'Woodsfield', 39.753063, -81.10336),
		(34, 'Woodstock', 40.181644, -83.546149),
		(34, 'Woodville', 41.451206, -83.364643),
		(34, 'Wooster', 40.809354, -81.948272),
		(34, 'Wren', 40.800833, -84.775278),
		(34, 'Xenia', 39.684204, -83.936878),
		(34, 'Yellow Springs', 39.799569, -83.889066),
		(34, 'Yorkshire', 40.328328, -84.483587),
		(34, 'Yorkville', 40.158051, -80.707737),
		(34, 'Youngstown', 41.0986, -80.6474),
		(34, 'Zaleski', 39.282222, -82.395),
		(34, 'Zanesfield', 40.302396, -83.664832),
		(34, 'Zanesville', 39.944265, -82.008898),
		(34, 'Zoar', 40.614167, -81.4225);


INSERT INTO zips (zipcode)
VALUES	(45249),
		(41073),
		(45201),
		(45222),
		(45327);

INSERT INTO species (species)
VALUES	('Dog');

INSERT INTO breeds (breed, species)
VALUES	('Affenpinscher', 0),
		('Afghan Hound', 0),
		('Airedale Terrier', 0),
		('Akita', 0),
		('Alaskan Klee Kai', 0),
		('Alaskan Malamute', 0),
		('American Bulldog', 0),
		('American English Coonhound', 0),
		('American Eskimo Dog', 0),
		('American Foxhound', 0),
		('American Hairless Terrier', 0),
		('American Leopard Hound', 0),
		('American Staffordshire Terrier', 0),
		('American Water Spaniel', 0),
		('Anatolian Shepherd Dog', 0),
		('Appenzeller Sennenhund', 0),
		('Australian Cattle Dog', 0),
		('Australian Kelpie', 0),
		('Australian Shepherd', 0),
		('Australian Stumpy Tail Cattle Dog', 0),
		('Australian Terrier', 0),
		('Azawakh', 0),
		('Barbado da Terceira', 0),
		('Barbet', 0),
		('Basenji', 0),
		('Basset Fauve de Bretagne', 0),
		('Basset Hound', 0),
		('Bavarian Mountain Scent Hound', 0),
		('Beagle', 0),
		('Bearded Collie', 0),
		('Beauceron', 0),
		('Bedlington Terrier', 0),
		('Belgian Laekenois', 0),
		('Belgian Malinois', 0),
		('Belgian Sheepdog', 0),
		('Belgian Tervuren', 0),
		('Bergamasco Sheepdog', 0),
		('Berger Picard', 0),
		('Bernese Mountain Dog', 0),
		('Bichon Frise', 0),
		('Biewer Terrier', 0),
		('Black and Tan Coonhound', 0),
		('Black Russian Terrier', 0),
		('Bloodhound', 0),
		('Bluetick Coonhound', 0),
		('Boerboel', 0),
		('Bohemian Shepherd', 0),
		('Bolognese', 0),
		('Border Collie', 0),
		('Border Terrier', 0),
		('Borzoi', 0), --50
		('Boston Terrier', 0),
		('Bouvier des Flandres', 0),
		('Boxer', 0),
		('Boykin Spaniel', 0),
		('Bracco Italiano', 0),
		('Braque du Bourbonnais', 0),
		('Braque Francias Pyrenean', 0),
		('Briard', 0),
		('Brittany', 0),
		('Broholmer', 0),
		('Brussels Griffon', 0),
		('Bull Terrier', 0),
		('Bulldog', 0),
		('Bullmastiff', 0),
		('Cairn Terrier', 0),
		('Canaan Dog', 0),
		('Cane Corso', 0),
		('Cardigan Welsh Corgi', 0),
		('Carolina Dog', 0),
		('Catahoula Leopard Dog', 0),
		('Caucasian Shepherd Dog', 0),
		('Cavalier King Charles Spaniel', 0),
		('Central Asian Shepherd Dog', 0),
		('Cesky Terrier', 0),
		('Chesapeake Bay Retriever', 0),
		('Chihuahua', 0),
		('Chinese Crested', 0),
		('Chinese Shar-Pei', 0),
		('Chinook', 0),
		('Chow Chow', 0),
		('Cirneco dell''Etna', 0),
		('Clumber Spaniel', 0),
		('Cocker Spaniel', 0),
		('Collie', 0),
		('Coton de Tulear', 0),
		('Croatian Sheepdog', 0),
		('Curly-Coated Retriever', 0),
		('Czechoslovakian Vlcak', 0),
		('Dachshund', 0),
		('Dalmatian', 0),
		('Dandie Dinmont Terrier', 0),
		('Danish-Swedish Farmdog', 0),
		('Deutscher Wachtelhund', 0),
		('Doberman Pinscher', 0),
		('Dogo Argentino', 0),
		('Dogue de Bordeaux', 0),
		('Drentsche Patrijshond', 0),
		('Drever', 0),
		('Dutch Shepherd', 0),
		('English Cocker Spaniel', 0), --100
		('English Foxhound', 0),
		('English Setter', 0),
		('English Springer Spaniel', 0),
		('English Toy Spaniel', 0),
		('Entlebucher Mountain Dog', 0),
		('Estrela Mountain Dog', 0),
		('Eurasier', 0),
		('Field Spaniel', 0),
		('Finnish Lapphund', 0),
		('Finnish Spitz', 0),
		('Flat-Coated Retriever', 0),
		('French Bulldog', 0),
		('French Spaniel', 0),
		('German Longhaired Pointer', 0),
		('German Pinscher', 0),
		('German Shepherd Dog', 0),
		('German Shortaired Pointer', 0),
		('German Spitz', 0),
		('German Wirehaired Pointer', 0),
		('Giant Schnauzer', 0),
		('Glen of Imaal Terrier', 0),
		('Golden Retriever', 0),
		('Gordon Setter', 0),
		('Grand Basset Griffon Vendeen', 0),
		('Great Dane', 0),
		('Great Pyrenees', 0),
		('Greater Swiss Mountain Dog', 0),
		('Greyhound', 0),
		('Hamiltonstovare', 0),
		('Hanoverian Scenthound', 0),
		('Harrier', 0),
		('Havanese', 0),
		('Hokkaido', 0),
		('Hovawart', 0),
		('Ibizan Hound', 0),
		('Icelandic Sheepdog', 0),
		('Irish Red and White Setter', 0),
		('Irish Setter', 0),
		('Irish Terrier', 0),
		('Irish Water Spaniel', 0),
		('Irish Wolfhound', 0),
		('Italian Greyhound', 0),
		('Jagdterrier', 0),
		('Japanese Akitainu', 0),
		('Japanese Chin', 0),
		('Japanese Spitz', 0),
		('Japanese Terrier', 0),
		('Jindo', 0),
		('Kai Ken', 0),
		('Karelian Bear Dog', 0), --150
		('Keeshond', 0),
		('Kerry Blue Terrier', 0),
		('Kishu Ken', 0),
		('Komondor', 0),
		('Kromfohrlander', 0),
		('Kuvasz', 0),
		('Labrador Retriever', 0),
		('Lagotto Romagnolo', 0),
		('Lakeland Terrier', 0),
		('Lancashire Heeler', 0),
		('Lapponian Herder', 0),
		('Leonberger', 0),
		('Lhasa Apso', 0),
		('Lowchen', 0),
		('Maltese', 0),
		('Manchester Terrier (standard)', 0),
		('Manchester Terrier (toy)', 0),
		('Mastiff', 0),
		('Miniature American Shepherd', 0),
		('Miniature Bull Terrier', 0),
		('Miniature Pinscher', 0),
		('Miniature Schnauzer', 0),
		('Mountain Cur', 0),
		('Mudi', 0),
		('Neapolitan Mastiff', 0),
		('Nederlandse Kooikerhondje', 0),
		('Newfoundland', 0),
		('Norfolk Terrier', 0),
		('Norrbottenspets', 0),
		('Norwegian Buhund', 0),
		('Norwegian Elkhound', 0),
		('Norwegian Lundehund', 0),
		('Norwich Terrier', 0),
		('Nova Scotia Duck Tolling Retriever', 0),
		('Old English Sheepdog', 0),
		('Otterhound', 0),
		('Papillon', 0),
		('Parson Russell Terrier', 0),
		('Pekingese', 0),
		('Pembroke Welsh Corgi', 0),
		('Perro de Presa Canario', 0),
		('Peruvian Inca Orchid', 0),
		('Petit Basset Griffon Vendeen', 0),
		('Pharaoh Hound', 0),
		('Plott Hound', 0),
		('Pointer', 0),
		('Polish Lowland Sheepdog', 0),
		('Pomeranian', 0),
		('Poodle (miniature)', 0),
		('Poodle (standard)', 0), --200
		('Poodle (toy)', 0),
		('Porcelaine', 0),
		('Portuguese Podengo', 0),
		('Portuguese Podengo Pequeno', 0),
		('Portuguese Pointer', 0),
		('Portuguese Sheepdog', 0),
		('Portuguese Water Dog', 0),
		('Pudelpointer', 0),
		('Pug', 0),
		('Puli', 0),
		('Pumi', 0),
		('Pyrenean Mastiff', 0),
		('Pyrenean Shepherd', 0),
		('Rafeiro do Alentejo', 0),
		('Rat Terrier', 0),
		('Redbone Coonhound', 0),
		('Rhodesian Ridgeback', 0),
		('Romanian Mioritic Shepherd Dog', 0),
		('Rottweiler', 0),
		('Russell Terrier', 0),
		('Russian Toy', 0),
		('Russian Tsvetnaya Bolonka', 0),
		('Saint Bernard', 0),
		('Saluki', 0),
		('Samoyed', 0),
		('Schapendoes', 0),
		('Schipperke', 0),
		('Scottish Deerhound', 0),
		('Scottish Terrier', 0),
		('Sealyham Terrier', 0),
		('Segugio Italiano', 0),
		('Shetland Sheepdog', 0),
		('Shiba Inu', 0),
		('Shih Tzu', 0),
		('Shikoku', 0),
		('Siberian Husky', 0),
		('Silky Terrier', 0),
		('Skye Terrier', 0),
		('Sloughi', 0),
		('Slovakian Wirehaired Pointer', 0),
		('Slovensky Cuvac', 0),
		('Slovensky Kopav', 0),
		('Small Munsterlander', 0),
		('Smooth Fox Terrier', 0),
		('Soft Coated Wheaten Terrier', 0),
		('Spanish Mastiff', 0),
		('Spanish Water Dog', 0),
		('Spinone Italiano', 0),
		('Stabyhoun', 0),
		('Staffordshire Bull Terrier', 0), --250
		('Standard Schnauzer', 0),
		('Sussex Spaniel', 0),
		('Swedish Lapphund', 0),
		('Swedish Vallhund', 0),
		('Taiwan Dog', 0),
		('Teddy Roosevelt Terrier', 0),
		('Thai Ridgeback', 0),
		('Tibetan Mastiff', 0),
		('Tibetan Spaniel', 0),
		('Tibetan Terrier', 0),
		('Tornjak', 0),
		('Tosa', 0),
		('Toy Fox Terrier', 0),
		('Transylvanian Hound', 0),
		('Treeing Tennessee Brindle', 0),
		('Treeing Walker Coonhound', 0),
		('Vizsla', 0),
		('Volpino Italiano', 0),
		('Weimaraner', 0),
		('Welsh Springer Spaniel', 0),
		('Welsh Terrier', 0),
		('West Highland White Terrier', 0),
		('Wetterhoun', 0),
		('Whippet', 0),
		('Wire Fox Terrier', 0),
		('Wirehaired Pointing Griffon', 0),
		('Wirehaired Vizsla', 0),
		('Working Kelpie', 0),
		('Xoloitzcuintli', 0),
		('Yakutian Laika', 0),
		('Yorkshire Terrier', 0),
		('Mutt', 0); --282

INSERT INTO users (username, password_hash, salt, user_role, first_name, last_name,	email_address, phone_number, street_address, city, state, zip)
VALUES	('hsolo','Jg45HuwT7PZkfuKTz6IB90CtWY4=','LHxP4Xh7bN0=','user', 'Han', 'Solo', 'hsolo@gmail.com', '7684729290', '111 Smugglers Way', (SELECT city_id FROM cities WHERE city_name = 'Cincinnati'), 34, 0),
		('user1','Jg45HuwT7PZkfuKTz6IB90CtWY4=','LHxP4Xh7bN0=','user', 'Tyson', 'Thorp', 'faketyson@gmail.com', '7684729291', '112 News Crew Drive', (SELECT city_id FROM cities WHERE city_name = 'Cincinnati'), 34, 0),
		('user2','Jg45HuwT7PZkfuKTz6IB90CtWY4=','LHxP4Xh7bN0=','user', 'Annie', 'Cochran', 'fakeannie@gmail.com', '7684729292', '777 Consultant Street', (SELECT city_id FROM cities WHERE city_name = 'Cincinnati'), 34, 0),
		('user3','Jg45HuwT7PZkfuKTz6IB90CtWY4=','LHxP4Xh7bN0=','user', 'Tiffany', 'McGillvary', 'faketiff@gmail.com', '7684729293', '8909 Stalk Market Road', (SELECT city_id FROM cities WHERE city_name = 'Cincinnati'), 34, 0),
		('admin1','YhyGVQ+Ch69n4JMBncM4lNF/i9s=', 'Ar/aB2thQTI=','admin', 'Kevin', 'O''Leary', 'fakekevin@gmail.com', '7684729294', '9890 Columbus Way', (SELECT city_id FROM cities WHERE city_name = 'Cincinnati'), 34, 0),
		('admin2','YhyGVQ+Ch69n4JMBncM4lNF/i9s=', 'Ar/aB2thQTI=','admin', 'Robert', 'Kaiser', 'fakerob@gmail.com', '7684729295', '7564 Oscar Wilde Boulevard', (SELECT city_id FROM cities WHERE city_name = 'Cincinnati'), 34, 0),
		('admin3','YhyGVQ+Ch69n4JMBncM4lNF/i9s=', 'Ar/aB2thQTI=','admin', 'Amanda', 'Neeley', 'fakeamanda@gmail.com', '7684729296', '5555 Boss Lady Road', (SELECT city_id FROM cities WHERE city_name = 'Cincinnati'), 34, 0),
		('admin4','YhyGVQ+Ch69n4JMBncM4lNF/i9s=', 'Ar/aB2thQTI=','admin', 'Ashley', 'Vorpe', 'fakeashley@gmail.com', '7684729297', '6754 Nerd Avenue', (SELECT city_id FROM cities WHERE city_name = 'Cincinnati'), 34, 0),
		('mod1', 'YhyGVQ+Ch69n4JMBncM4lNF/i9s=', 'Ar/aB2thQTI=', 'mod', 'Joe', 'Riggs', 'fakejoe@gmail.com', '7684729298', '9483 Bobblehead Drive', (SELECT city_id FROM cities WHERE city_name = 'Cincinnati'), 34, 0),
		('mod2', 'YhyGVQ+Ch69n4JMBncM4lNF/i9s=', 'Ar/aB2thQTI=', 'mod', 'Monika', 'Royal-Fischer', 'fakemonika@gmail.com', '7684729299', '7493 Leadership Court', (SELECT city_id FROM cities WHERE city_name = 'Cincinnati'), 34, 0),
		('user4', 'Jg45HuwT7PZkfuKTz6IB90CtWY4=', 'LHxP4Xh7bN0=', 'user', 'Brittany', 'Lohrum', 'fakebrittany@gmail.com', '7684729300', '3547 Friendship Way', (SELECT city_id FROM cities WHERE city_name = 'Cincinnati'), 34, 0),
		('user5', 'Jg45HuwT7PZkfuKTz6IB90CtWY4=', 'LHxP4Xh7bN0=', 'user', 'Duston', 'Fox', 'fakedustin@gmail.com', '7684729301', '9485 Software Drive', (SELECT city_id FROM cities WHERE city_name = 'Cincinnati'), 34, 0);

INSERT INTO pets (user_id, pet_image, pet_name, age, breed, species, playful, nervous, confident, shy, mischievous, independent, other_comments)
VALUES	(0, 'https://cdnb.artstation.com/p/assets/images/images/031/653/493/large/james-parce-jabba-the-pug.jpg?1604239107', 'Jabba', 13, 282, 0, 0, 1, 0, 1, 1, 0, 'loves to eat'),
		(1, 'https://imgur.com/WmhoGkz', 'Loose Seal AKA Bby Ppy Destructo', 3, 94, 0, 0, 0, 0, 0, 0, 0, 'destroys everything'),
		(1, 'https://imgur.com/TiGBeEs', 'Dr. Tobias Funke', 13, 51, 0, 1, 0, 1, 0, 0, 1, 'Best doggo award!'),
		(2, 'https://imgur.com/CiJHLF5', 'Willie', 4, 185, 0, 1, 0, 1, 0, 1, 1, 'Loves pumpkin!'),
		(2, 'https://imgur.com/CiJHLF5', 'Crush', 5, 185, 0, 1, 0, 1, 0, 1, 1, 'Loves Thanksgiving!'),
		(2, 'https://imgur.com/mUzmrWP', 'Gertie', 6, 18, 0, 1, 0, 1, 0, 1, 1, 'Gertie is such a cool cat!'),
		(3, 'https://www.akc.org/wp-content/uploads/2017/11/Tibetan-Mastiff-laying-down-outdoors.jpg', 'Teddy Roosevelt', 5, 258, 0, 1, 0, 0, 1, 1, 1, 'Gigantic love bug'),
		(3, 'https://imgur.com/M5IMAVW', 'Pumpkin Patch', 7, 198, 0, 1, 0, 1, 0, 1, 1, 'Learns code with the class!'),
		(4, 'https://imgur.com/c7s2Fwl', 'Autumn', 7, 18, 0, 1, 0, 1, 0, 1, 1, 'Learns code with the class!'),
		(4, 'https://static1.colliderimages.com/wordpress/wp-content/uploads/2021/05/sandy-cheeks-social.jpg', 'Sandy', 13, 18, 0, 1, 0, 1, 0, 1, 1, 'Just a squirrel boxing on the ocean floor!'),
		(4, 'https://static.wikia.nocookie.net/princessbride/images/7/70/Inigo_Montoya.png/revision/latest/top-crop/width/360/height/450?cb=20110320032519', 'Inigo Montoya', 27, 282, 0, 1, 0, 1, 0, 1, 1, 'My name is Inigo Montoya, you killed my father, prepare to die!'),
		(5, 'https://keyassets.timeincuk.net/inspirewp/live/wp-content/uploads/sites/8/2021/02/GettyImages-997141470-e1614176377827.jpg', 'Oscar Wilde', 32, 18, 0, 1, 0, 1, 0, 1, 1, 'To live is the rarest thing in the world. Most people exist, that is all.'),
		(5, 'https://i.pinimg.com/236x/ae/65/d3/ae65d3f67cd39c53b567e2de4601a43d.jpg', 'Orson Welles', 23, 18, 0, 1, 0, 1, 0, 1, 1, 'My doctor told me I had to stop throwing intimate dinners for four... Unless there are three other people.'),
		(6, 'https://imgur.com/Eiwa4Bm', 'Luna', 7, 124, 0, 1, 0, 1, 0, 1, 1, 'Absolute sweetheart!'),
		(6, 'https://imgur.com/6kgSqoK', 'Molly', 7, 38, 0, 1, 0, 1, 0, 1, 1, 'Loves to sleep!'),
		(7, 'https://imgur.com/AZfgOLa', 'Nutmeg', 78, 18, 0, 1, 0, 1, 0, 1, 1, 'Best little friend I could ever ask for!'),
		(7, 'https://imgur.com/eru8EC9', 'Larry', 7, 49, 0, 1, 0, 1, 0, 1, 1, 'He''s got the best mohawk!'),
		(8, 'https://imgur.com/yypFEVs', 'Frida', 5, 18, 0, 1, 0, 1, 0, 1, 1, 'Independent woman who doesn''t need no man!'),
		(8, 'https://m.media-amazon.com/images/I/71wDS1MV2LS._AC_SL1500_.jpg', 'Slinky', 7, 89, 0, 1, 0, 1, 0, 1, 1, 'Likes to slink around!'),
		(9, 'https://imgur.com/ymiOijX', 'Marco Polo', 8, 18, 0, 1, 0, 1, 0, 1, 1, 'Aloof and loves to make an appearance on the camera!'),
		(9, 'https://imgur.com/MTyHTjO', 'Daisy', 5, 75, 0, 1, 0, 1, 0, 1, 1, 'Loves to bark!'),
		(10, 'https://mymodernmet.com/wp/wp-content/uploads/2020/10/cooper-baby-corgi-dogs-8.jpg', 'Kevin the Corgi', 1, 18, 0, 1, 0, 1, 0, 1, 0, 'super cute'),
		(10, 'https://imgur.com/VmpzbGY', 'Ally Mae', 9, 65, 0, 1, 1, 1, 0, 1, 1, 'Cutie who loves costumes!'),
		(11, 'https://imgur.com/2ta1QVk', 'Willow', 7, 198, 0, 1, 0, 1, 0, 1, 1, 'Loves to look out the window!');

INSERT INTO posts (user_id, post_title, post_content)
VALUES	(0, 'Jabba needs a snack- I mean friend', 'Looking for a friend for my lovely little Jabba');

INSERT INTO comments (comment_user_id, comment_post_id, comment_content)
VALUES	(1, 0, 'Absolutely not, this is a ploy to have Jabba eat our pets! Rude!'),
		(0, 0, 'You''re just jealous Jabba is prettier than Loose Seal!'),
		(2, 0, 'Why can''t you both just get along? If you''re worried about your pet getting eaten, just maintain social distancing! You''ll be fine!'),
		(1, 0, 'Only if he says Star Trek is better.');

INSERT INTO playdate_statuses (playdate_status_id, playdate_status)
VALUES	(0, 'Pending'),
		(1, 'Requested'),
		(2, 'Approved'),
		(3, 'Denied'),
		(4, 'Canceled'),
		(5, 'Finished');


INSERT INTO playdates (playdate_posted_user_id, playdate_posted_pet_id, playdate_requested_user_id, playdate_requested_pet_id, meeting_time, playdate_address, playdate_city, playdate_state, playdate_zip, playdate_status_id)
VALUES	(0, 0, 1, 1, '2021-12-08 10:30:00', '888 Galaxy Drive', (SELECT city_id FROM cities WHERE city_name = 'Cincinnati'), 34, 0, 5),
		(1, 2, 2, 3, '2021-12-15 12:30:00', '9870 Smart Pets Boulevard', (SELECT city_id FROM cities WHERE city_name = 'Cincinnati'), 34, 0, 2),
		(2, 4, 3, 7, '2021-12-10 9:30:00', '888 Galaxy Drive', (SELECT city_id FROM cities WHERE city_name = 'Cincinnati'), 34, 0, 1),
		(8, 17, 4, 9, '2021-12-10 9:30:00', '5328 Pet Park Avenue', (SELECT city_id FROM cities WHERE city_name = 'Cincinnati'), 34, 0, 5),
		(8, 18, 10, 22, '2021-12-17 10:30:00', '8098 Doggy Park Way', (SELECT city_id FROM cities WHERE city_name = 'Cincinnati'), 34, 0, 5),
		(11, 23, 5, 11, '2021-12-10 9:30:00', '888 Galaxy Drive', (SELECT city_id FROM cities WHERE city_name = 'Cincinnati'), 34, 0, 1),
		(4, 8, 7, 15, '2021-12-20 10:00', '3432 Dog Park Drive', (SELECT city_id FROM cities WHERE city_name = 'Cincinnati'), 34, 0, 1),
		(9, 20, 3, 6, '2021-12-18 12:00', '8474 Pets Play Avenue', (SELECT city_id FROM cities WHERE city_name = 'Cincinnati'), 34, 0, 2),
		(4, 10, 5, 12, '2021-12-22 9:00', '', (SELECT city_id FROM cities WHERE city_name = 'Cincinnati'), 34, 0, 1),
		(9, 19, 6, 13, '2022-01-03', '11:00', (SELECT city_id FROM cities WHERE city_name = 'Cincinnati'), 34, 0, 1),
		(6, 14, 2, 4, '2022-01-10', '9:00', (SELECT city_id FROM cities WHERE city_name = 'Cincinnati'), 34, 0, 1);

GO